Title,Price,Link
50x Pokemon Card Bundle TCG Rare Holo 100% Genuine PokÃ©mon Cards Collection,$6.43,https://www.ebay.com/itm/295993904979?_skw=pokemon+cards&itmmeta=01JPY9JVMPBCGMGKJ8WX04J076&hash=item44ea9c8f53:g:d2AAAOSw2QNkzOTn&itmprp=enc%3AAQAKAAAA8FkggFvd1GGDu0w3yXCmi1fPW6TT1CJXaJC%2FvXI9z5p0z66M5dTx16V2czcdgwa2PJEWAWWiKx%2FH1rg0WpiMVQkFGaUnuOY%2FhVULFUq0ZMsMTNmirm4qpKyhjFY%2BQ3CFg1klDwYjba0k3%2Fvno96Z28F9ee6MtsEliwO7CH7grIkXWpxiNy0%2FE27SXrKxCEoNrlGHZS6azD%2FJMS6ABKbUQOGG5UaNoY5%2FoO3WFJqqRn4pxnvU8z%2FKzULeaV%2BrUCnkg4TgpBoF599htQsqq3DwHNXSfeecwcwZAQtf%2FSXtT7wDazIeHwfBBkJVVHe%2BXSLLeA%3D%3D%7Ctkp%3ABFBMxLrLybdl
100x Pokemon Cards Bundle Pack Bulk ! 10 Rare/holo/rev Holo Min Guarantee âœ…âœ…,$10.34,https://www.ebay.com/itm/134307027330?_skw=pokemon+cards&itmmeta=01JPY9JVMPM953RDQYD7ERWKRS&hash=item1f45529982:g:7c8AAOSw~2FjJEr7&itmprp=enc%3AAQAKAAAA4FkggFvd1GGDu0w3yXCmi1dqGlpP8GFZ9qJQZU5S0Fk8EtRP%2F8Xi3%2BUybh%2BdSx4xpMcIcVpbhGdwyHg21FELHPJ%2Fc%2BwJkxmjXvUiEU7nC9VIm%2Fxj2MOj2LMNwvm8MQzyiNjhxj8z%2B0cNYrytkMd%2FHBAjW3j4E0kxn2U9BKbAbludGn8O58aqOJ48vJ7%2Bpg2gyRjOPSR5gtzuQDkIlAV3oifa24XtlMCdgArZhSq%2BPwoHM76V7gduvGNdTGfx0glQVYUkOl9WYDBdyYUe83Mp9BQ%2FwGQp%2F9s0K8Xwh6Poi38W%7Ctkp%3ABFBMxLrLybdl
Pokemon Card Lot 100 OFFICIAL TCG Cards + Ultra Rare | VMAX GX EX VSTAR OR V!,$19.95,https://www.ebay.com/itm/153121169168?_skw=pokemon+cards&itmmeta=01JPY9JVMPQ0J2F4BWY79VXAFC&hash=item23a6bb9f10:g:lbQAAOSwZZ5j5M74&itmprp=enc%3AAQAKAAAA4FkggFvd1GGDu0w3yXCmi1f0IY25BzykHePlFTG2eCIc%2F9GdyF59s6R2JLrgIFW44DGjOQAg8SV3H90sN0ZrNuiu9kBMaRelojp1arvpqu8JPnaRs%2F5rAcIS5sP7UT76Oh5kV0%2FthEpWE%2B4Oc8xyeIREH96zLGOaOkis35uOJbmsZ9ELdmO98FG1fdzFO3Cwj4O%2FcxkcqoMBevoHGlK1FBYa8VHUs7Pi1bNJU5selhbLrNExxWurHzZPyZiG3B4OIK393UWBIydO9vqI0GK32eNjMiSq2mpvXdEcK75aQgMk%7Ctkp%3ABFBMxLrLybdl
Pokemon Card Eevee Evolution RR 9 card set sv8a Terastal Festival ex Japanese,$17.00,https://www.ebay.com/itm/335717163260?_skw=pokemon+cards&itmmeta=01JPY9JVMPDSZ31ZPVVC7SEP13&hash=item4e2a4d60fc:g:ggMAAOSwbnBnVR5P&itmprp=enc%3AAQAKAAAA8FkggFvd1GGDu0w3yXCmi1eaHL%2Foxsdwfuagr%2FdYsF4Mo%2Bvzyp2pqVeQpf7ZMEcVqY9Abz7paq%2B3M47bm7sGflLk445KUbea1CqZEgP0U8pI8Cv4V69m1v5gr%2FSJO1fQqdgwmwGCE9FFLYJhIZqBehwVFAUAG2qI8%2Boo9V2DDVKPR6JzuBQW7kOlj%2FXuZNBQBWHAZ7EQ1YkvUKOX%2BKtzNMSURJ25JWlw%2B25q%2B1JTLOaLJmyHZmzyuHz23epejtUKzD9f%2BB3TJE56qlJi5AM%2F5AF6CABDnMsF4r2YVpK9giV2Bf2zJYhEMk3EeGpNSLFiBg%3D%3D%7Ctkp%3ABk9SR8S6y8m3ZQ
Articuno [AR] 102/100 SV9 Battle Partners Pokemon Japanese,$8.97,https://www.ebay.com/itm/235927427799?_skw=pokemon+cards&epid=4074590042&itmmeta=01JPY9JVMPN2E4JF54X3HNN96C&hash=item36ee5edad7:g:-90AAOSwH0NnktkN&itmprp=enc%3AAQAKAAAA0FkggFvd1GGDu0w3yXCmi1ekubhFK0Zm1XkphN5WjHpAd4CiejtWyNfa5LfEEXGAwXtM6beHbB6MWslk%2FjzZE6QnN11G4nK3Jc20lSKskF5hxOz9jlpgjjq4cgK%2BpEoqyRWe2wuY4CJh9F8oGl6ZtdoO9SIPIde4vzxzoCImbPvtVoPY3OLsuVu8UR22zTzLYJxnNgqrT2QaAjC1as9Wg4ZW1Oyc%2FXB63U%2BlRB%2BZP%2FeiCe8t0YdbNisdggcw4DO4XDyaPsrvp1wLV1L7JFDslCk%3D%7Ctkp%3ABk9SR8S6y8m3ZQ
Pokemon Card sv9 112/100 Hop's Wooloo AR Battle Partners,$3.50,https://www.ebay.com/itm/235927702107?_skw=pokemon+cards&epid=8074588966&itmmeta=01JPY9JVMP43ZD8GMB79JW089V&hash=item36ee630a5b:g:DK4AAOSwnrZnkxhe&itmprp=enc%3AAQAKAAAA8FkggFvd1GGDu0w3yXCmi1eYifnP6FMXxiMagj2Hgq%2FaNKDeEgtzuIJS8P3uaVPaDY4zYK9%2FGHLcS%2FXzLC%2BCl8gmstKtfsmhCH0t5YcO8u2Lkf4fLgrnaZTV9E7z28%2BwdJGQ08sdukpbGqWNz%2BoKaqQqd63P8sp%2BYBOG0IG8%2B9VFzOqRK4LTqc%2FPlvOOHOWei8pfwAJ%2Fl5%2FvXHKXF366woGZDHGlW%2FmZPU2IveXSAUIJXNb3U9ccWpnIciM%2Bu8Ooum6bxt5PXaGChjq49QLgAqk%2BR5M8Ltv3zuphGNHyEID15B6zOpYeNg81MTi%2B5CBvEg%3D%3D%7Ctkp%3ABk9SR8S6y8m3ZQ
Pokemon Card Misty's Psyduck Ethan's Typhlosion AR set 071/063 sv9a Japanese,$62.97,https://www.ebay.com/itm/326483889267?_skw=pokemon+cards&itmmeta=01JPY9JVMP5M1Q21EWZAPTCQT3&hash=item4c03f4cc73:g:9X0AAOSwdlpn0hTk&itmprp=enc%3AAQAKAAAA0FkggFvd1GGDu0w3yXCmi1cgqwi5xE%2B4d6Ms4eDdWYZDZZtil9Vos%2F%2BzppbyDPhH%2FcVikooWhHtQfm8YQawCxeOCWL6qpmfTmr2RapzVspranr20toLLr64mGbP2gKmV1Fa6eLJquIMVpdZ%2FXJfQQ196111MPeWe7tXOCPXYoZBGN7bmru1cFmhlDb55a5AbP2%2F4Ww9k9U1EK3wM9BQ3f3S%2BX9BvAPWdTEyUl5f2I85%2BaKIFPjBncYRPCUB4EStE5SQgjTeeoI1vohSx%2Bt1PpxA%3D%7Ctkp%3ABk9SR8a6y8m3ZQ
Pokemon Scarlet & Violet 151: Choose Your Card! All Cards Available NM,$1.49 to $89.99,https://www.ebay.com/itm/375546690916?_skw=pokemon+cards&epid=14062914081&itmmeta=01JPY9JVMPB6FAE0F9QCPVHRQ5&hash=item577053bd64:g:qjgAAOSw4rRm8kHl&itmprp=enc%3AAQAKAAAA8FkggFvd1GGDu0w3yXCmi1c3t8Bedsy7NVwyIxFQtAnNsXa%2Fufmtb%2F4xCKjvU4NgyVooqhL3c5ez5x95NNQLz1l4KVtvoR3yzNT9AUnYy%2F8VNnrz0fDAD5Ug6fXyDCeHc%2Bj3PUMT7uNIFKczdx9RnVnxVHnE2iBxfC8V2iGiuR1nb%2FNn7hGHmP%2FJLzPCC06XXBF%2BKJT2W%2FB4NScsfXNmBvQVqCtKgWccwjVEkDxEh9tqVXnbYIfJS45qUSGfhnjvUZCaBY5jat6NTEVZEjtKv7QNCD54FsYK6CKE0dCA89R2m9rECbZFGl9P2cexbx6cgA%3D%3D%7Ctkp%3ABk9SR8a6y8m3ZQ
Pokemon Card sv9a 070/063 Ethan's Typhlosion AR Hot Wind Arena,$24.00,https://www.ebay.com/itm/335860700415?_skw=pokemon+cards&epid=25075802510&itmmeta=01JPY9JVMPPWA5S5C1RKRHJ9YM&hash=item4e32db94ff:g:IVoAAeSw~~dn047A&itmprp=enc%3AAQAKAAAA0FkggFvd1GGDu0w3yXCmi1dgeEGRG5nOB50wyaK3au34Gf3r1wQo%2BjORmx4HkRrbQ99sXVY1ac8rgWYAg8zK1gDFkATRzURbvCQTolzBX4EoFmXqYnSxPVPiZ1wvJSvxznT3U5IPZl8MMxc4WwUBCoQbRcYl5bOlaQ8cs4iG49dblL8AMwyW5d95hnA7c03fdF1MVkYIB7fKGtRo5V%2FO0Xga4YzQlAfWmzY%2FQHssE7S6D8LtKjRdEvDO2Jo2QQ3%2BDDOlaiR9fgSZYwk%2BXboHdl8%3D%7Ctkp%3ABk9SR8a6y8m3ZQ
AR 12 Card Complete Set sv9a Japanese Pokemon Card Hot Wind Arena,$103.00,https://www.ebay.com/itm/236003450861?_skw=pokemon+cards&itmmeta=01JPY9JVMP9Q0RH16RF16MY992&hash=item36f2e6dfed:g:IwoAAeSwnP9n047E&itmprp=enc%3AAQAKAAAA8FkggFvd1GGDu0w3yXCmi1cnDK4u6N4Kx%2B3yWsRAnh46ReuebIJswJZwLQZuhz5eUOGBN5UuIYka2J9pHVIIkUwi9YrmbaGIEQNaAVYhpqTgtyyLfqLUe9tZFomLKW3xd210BgKTsRaSfv0giISttqDJcKRwzZSUlvs3e--TsmWPumnb0UfAFf4AryIos84Cf6eH312lqF2%2BbS%2BqL3oG713yVDy5ovnARwamm8Ce8tH5swN3CwiZxwXwVYk0QO%2BmyvufHYAnYoFMxdIY0bOApwHHSdoI0yK5gu2fWEe0zlhxuq2wCi7yOv%2FHZWLdT4E1sQ%3D%3D%7Ctkp%3ABk9SR8a6y8m3ZQ
Snorlax Munchlax Pokemon Card! Holo/Reverse Holo Rare EX V VMAX Full Art Cards!,$0.99 to $159.99,https://www.ebay.com/itm/156804393182?_skw=pokemon+cards&epid=2314419816&itmmeta=01JPY9JVMPWV2G9BT7ZRC1AT8S&hash=item24824528de:g:a9YAAOSwNbVn2-B1&itmprp=enc%3AAQAKAAAA0FkggFvd1GGDu0w3yXCmi1fXQkzTE4t23dH2IrHxgvgBLBVUdNOMqtzUAM9yjwUn3WaN5lCY%2FnZ172QJRT1qGRraQm%2FFYzj1lotyhsF5sWa9s%2B93Nmsbtx93gmWq2qIryGiG8e%2BxVf3cDcUBnJWW8twyFZ05BeuPV8VfIAcKecam5D5Ms%2FzGd7EVx%2FyeFXJ949SonF65tAMj1uw8fuI6gD%2BJnYNoUNzvQxX%2BDM138tF%2F0%2BmH78w6IOQgGbLMCMlmFMBDfdY%2BhPM8ZToWp0xMkkM%3D%7Ctkp%3ABk9SR8a6y8m3ZQ
Base Set Pokemon Cards - Commons Uncommons - Pick From List,$0.63 to $5.02,https://www.ebay.com/itm/284283960278?_skw=pokemon+cards&itmmeta=01JPY9JVMP3XZGNQCN9BQ3Z4BW&hash=item4230a4fbd6:g:og4AAOSwtzZl2GKu&itmprp=enc%3AAQAKAAAA0FkggFvd1GGDu0w3yXCmi1efE8Q74uRLB4zctuI8jHoIoxoM8TzPq3vvckyG3XpkHZJ4znsh9KRlx9ilwiN%2Fsni%2B4O6bfjUmb%2BDxSpD3R0%2FsSfKRHV0w6KGmUHL2jG6wTi%2BFiBz5SdC3105beykDRyjnEl7mhL16dAHw0KuLfXeF1CpfuUubanO%2BrbmKbWANb%2F2E1r2qC8XWcg2yv2VzLXwYlx5XNgEkap3PoEEicE5C%2B3gWIrkzJ9ouJBE%2B8yPHlNPF63r%2B0xYpZE2K8%2F24itc%3D%7Ctkp%3ABk9SR8a6y8m3ZQ
100 Codes Booster Pokemon TCG Live Pack Instant delivery,$10.99 to $64.99,https://www.ebay.com/itm/385596458534?_skw=pokemon+cards&itmmeta=01JPY9JVMPMM2WYSVVKWYYE2F2&hash=item59c7570626:g:Kf4AAOSwNW5lk2km&itmprp=enc%3AAQAKAAAA8FkggFvd1GGDu0w3yXCmi1dBCAZqHQOCEyAbn6%2B9go7xpKT1bmsQpN4avTSaoYmpKfftiT0MfVcnympP1bMkv%2FG65EEJjPFLjp%2FNxh6BhWLyayc591XYuZtT23VbFq6VavySE3qxXMGD0z92gQFEfTabxSwzsOWb66wOJNOV1kU9lT51bGwzGrVzPN1vIoVJkXX2buoq4U%2B3q20xGzBLMXo%2B%2BKI56SApy7Q6ABEqEtsDKdMSRtuLCUnI%2F70shxtDxknHk%2F9itIamufRDGKNp4KlnoxRFNYPjAFS9UlaEj3lG4fVpq24r229yGvadgDRuiw%3D%3D%7Ctkp%3ABFBMxrrLybdl
Pokemon Scarlet & Violet 151: Choose Your Card! Holo/Reverse Holo EX Cards NM,$0.99 to $17.99,https://www.ebay.com/itm/156734270341?_skw=pokemon+cards&epid=27062920323&itmmeta=01JPY9JVMQD2PJNAV29AE5BBEQ&hash=item247e172b85:g:eCgAAOSwQGdmXkL2&itmprp=enc%3AAQAKAAAA8FkggFvd1GGDu0w3yXCmi1fYAnzSgqnTLKewD3HS46z9H9bHxSIzpRorplUJX3K06XDzj6gyeW7nuQKu2Hcw111r42A9RYUBG03F3OwNCXAKkPk75WA529pidVzMJfzqHdYyt3dMkeZdNm8LniRJ1OzlWqo4PD32xIXgaxKEAbIYYWSxXvvbiwx%2FQFlyQbrS91D5lqStz6dzHjr%2BYRSPEIaySDveYZSQxlkhZQMOp3RsbVhZwnMGAsIZ9NAKURTKnYqVLPhzM1vSvxJsiO6kUBsKNvAVlCF06miwMRbTPZgki%2FmuZXnzIP2ca%2BJ6RxM4ZQ%3D%3D%7Ctkp%3ABFBMxrrLybdl
Vintage Pokemon Cards 1999 WOTC Pack! Charizard! Pikachu! 1st Edition!,$12.99,https://www.ebay.com/itm/175339983046?_skw=pokemon+cards&itmmeta=01JPY9JVMQ8HKDMC60GCEMD17D&hash=item28d313d0c6:g:UxwAAOSwyyRnAvRk&itmprp=enc%3AAQAKAAAA8FkggFvd1GGDu0w3yXCmi1cDEZ9A3z%2FTk8oASn7xLPW%2Fm5BV%2BoNBHcGeth9nL7Or9TjziT7m7wKETCD8dq5VRCs8c3l11W%2FrZS6GccpiwxmvfyBjAh1nHtNCHJzG3ZjximDW3EI2bzarVdCoCYFac%2FMt%2BJBHQsQtmnDGJa2uMzOeAxoW%2B3PF%2F8CsrRAyfTkphhiF9%2FvNFrxMNmKdwptuvqfPAKSaRim0UIdmBI90VNpllFOvCw3XwQLTkAsy3l0wpHPBaCtIEjSk%2BqVp%2F67ZM9NhMWe7wfZFoyS2en%2BNl%2FTdlE9WDsZPsTkwPVcqdJQF7A%3D%3D%7Ctkp%3ABFBMxrrLybdl
1st Edition - Old Pokemon Cards - 100% Vintage Pack - ONLY WOTC,$17.45,https://www.ebay.com/itm/126224517846?_skw=pokemon+cards&itmmeta=01JPY9JVMQ7A50B72B79RVMK0V&hash=item1d63914ad6:g:t14AAOSw4oVlcOuS&itmprp=enc%3AAQAKAAAA8FkggFvd1GGDu0w3yXCmi1f2%2Bu9GFR3z%2BqxIiZp9Vo%2FQsPLU5suhAtRUaRlCX%2FoMgietk%2BX1eKJRK73sb6tqwlQzPRJviYgQJ0v2jwft5xtcJys%2BUwLCseTriIahzu0X6x5qLZfws3JppEwZzaEYf85IY1Zk25f%2BloKM0h2w3IGER3g42treVVVR56rEFOfcigropNg41P6kawLvLa%2Bt4ED1aLOM3mzu8Q2xOI5OfGDxJHMX8nv5unBFFVRLksDPr8%2Bhaz2bqluL1qYmo4HEEJpZzy7BJ4SAf4xPM37J6su7sYchsaUDxdZXmnGQrOgZsw%3D%3D%7Ctkp%3ABFBMxrrLybdl
Misty's Psyduck AR 071/063 Heat Wave Arena sv9a Pokemon Card GAME Japanese,$36.00,https://www.ebay.com/itm/306180661257?_skw=pokemon+cards&itmmeta=01JPY9JVMQHJWDY8WXJJFVS0DA&hash=item4749ca2009:g:LrEAAOSwOeFn1Van&itmprp=enc%3AAQAKAAAA0FkggFvd1GGDu0w3yXCmi1d6eyvgPrKD7%2FbtGbP0UdKMsypn3uFKoVRskRgJethbEIGDUFgnNrxmgBwLd0FmIK92a8jd8vqLN%2FrS%2ByVasG5nSMXNnZtVZT2t0GjmMKdSfWp%2Bz3WuGTF6oW3BFGlDKkgdb4A0DLUyTUiwGs3EgtGk2jNP%2BY%2B4CwHWpUyv%2FpEMWd7sZXMX43hrTgsm7R6lZZ2SIOOGq0Pqf%2FWtVV4%2FYphsiv2Nz5N9aqihSQQ6XTibBW2f0mG5sm3DqGYBNC%2Bn%2Bf8%3D%7Ctkp%3ABk9SR8a6y8m3ZQ
ðŸ”¥GRADED CHARIZARD POKEMON CARDðŸ”¥ GREAT GIFT! AUTHENTIC GRADED POKEMON CARDS!,$59.00,https://www.ebay.com/itm/166463151615?_skw=pokemon+cards&itmmeta=01JPY9JVMQ6DRR2XV45CCED5YE&hash=item26c1fa1dff:g:C3oAAOSw8nVmDuuE&itmprp=enc%3AAQAKAAAA0FkggFvd1GGDu0w3yXCmi1fa8rq36C6UGvoqAfijHA6IUmwD%2BtlcA%2BZY5wG%2BhemEYXNed8v5WpcHOFS0c%2BHfu2YbdDnKm2A6VJrEiPoLtsb9zZAoBGbKo7AtXc5UmK4mVMXqTA0Xn5gIeAVWIo%2FZWBzCgfQiubFEGpfDzOQ7uypkAz%2FPUnM81VUFR0l3xYcsKH5RoabpAdqIUWCPHClA4%2B2x5NyPRX24V1SIrz5xDQ3E3I51JCLIBBJ6%2FZE4a245qzX%2BJ5mBTztz5UU5mszhD%2B4%3D%7Ctkp%3ABk9SR8a6y8m3ZQ
New pokemon cards JAP. Pikachu EX 003/106 RR RPA 10 (SAME AS PSA 10),$15.99,https://www.ebay.com/itm/356397168423?_skw=pokemon+cards&itmmeta=01JPY9JVMQ8J61XBV6D8SS4WPC&hash=item52faed3727:g:KQoAAOSwlb1nZ2Kg&itmprp=enc%3AAQAKAAAA0FkggFvd1GGDu0w3yXCmi1c4zf%2B1nCNfG7PIe4Fr%2BLPhdyJb%2FP7oPQxPHMuc7xbnB%2Fr3tL95l6CAW7Xk2a5tGyG7W2ZFnu18JctkYjLR4Iznb85O67e7AB63TbH40W0zAd%2BR752TtUSndLYBe4nqVAd4A0gwXLgBYPz6C7jZgOTeECD0aG1gjToYbgIZ7GNriANoee%2BpTURPTxqH2Vp9LVgNZFtyS0ftuhh7%2BJ9mOfMsksnHdIReGEs9OPYeDrKwFjhF0x9giPUUDpUX7nhagYs%3D%7Ctkp%3ABk9SR8a6y8m3ZQ
Pokemon Scarlet & Violet Base Set - Choose Your Card! - Reverse Holo/Holo NM,$0.99 to $6.99,https://www.ebay.com/itm/156738295411?_skw=pokemon+cards&epid=4059549090&itmmeta=01JPY9JVMQZ173YP2PKH45N3GY&hash=item247e549673:g:PL0AAOSwDDdmoERT&itmprp=enc%3AAQAKAAAA8FkggFvd1GGDu0w3yXCmi1eNLs5%2FSspc3piG%2FPaEtiecLeetlpRKvrWHPScLvMBnaPAzhbLFbYTuIYhLAIk2GArPD74ghFauC0WBHUbwkKRVSwu8w4g72odxGOPlTQnllcc4gfJrAPpRIL0U2X66H6CTkN8MkdtMRiWtYDaB3G5ZCldJWdyqwXbeV6HhxrEOLABNehBrE2bAMBD8x21hr6MsaU8B%2FhBeVsOD49OrZ5RZCh4I2VgClk4rWfJKdCQAJCUuN4gqb1XTRtOnh8I08F2G6ZrjD1aoj4zrejOLNkeMTEh1KhAzCn3yyj1a6Q2%2B9A%3D%3D%7Ctkp%3ABk9SR8a6y8m3ZQ
Wailord AR 103/100 Battle Partners Pokemon Card Japanese,$5.68,https://www.ebay.com/itm/205346117250?_skw=pokemon+cards&epid=9074580256&itmmeta=01JPY9JVMQWMERF6883H9KS0CW&hash=item2fcf951682:g:cc4AAOSwhP5n0BIy&itmprp=enc%3AAQAKAAAA8FkggFvd1GGDu0w3yXCmi1ehlTrclLZiUWrGP1yirB%2BTCNiC8D5PZIoEk4FcuJHdEPUZuMuQtQ6znTcj5p0EHkem34ejkzKP9kPzBZmvgnzsTaG%2FmcsXNrMVbVLd3PCe%2BuWo3BoXpOc4FXvTc3VUZ8qoROwNEaPnTQIlp0bzubjKMWCH%2Ft0G0GoNwfz1jyGzkL3eim7IiCPufMYdasXROKrhZssdwhz%2BMLm0HLzXEM8bTz%2BzrLqFC4UnY2QC160p6YJMi%2FlrEKreOJsCWWhQn2P5nz6TEo4YQsWM%2F3xRhvfgzQAGGe595ENc1XnmYBJYRA%3D%3D%7Ctkp%3ABk9SR8a6y8m3ZQ
Misty's Psyduck AR 071/063 sv9a Japanese Pokemon Card Heat Wave Arena - NM,$35.79,https://www.ebay.com/itm/135621106404?_skw=pokemon+cards&itmmeta=01JPY9JVMQ1HJHPDAVEBDDVBH3&hash=item1f93a5dae4:g:tU8AAeSwKkNn03Ti&itmprp=enc%3AAQAKAAAA8FkggFvd1GGDu0w3yXCmi1fb%2BbYJurZLbx5rHVQ%2FxQWDg53ZCDv9S%2FPOCJEBdjd7M7Coqo5cHuGihTi9JVesl5Wrl9qzokHwSbISp7vln1QnfFSa6Xfi6NyZWREazTSp4f%2BqE5pPsSZutvxZi2DbUqRwZMaavJS%2BfUtcl4tkfJIbQZeUnmvnICttpPRkUTB61g4XYmvOIbf%2FP4t3D5i4aYFiLphTQmZJZqaYqy7IQ83j4ie%2F4068hgzWnO5f%2B3FxSiCAobAMdDgbP8AAlyvC%2FUn0kjvHW4vN6s8YqqYn%2FsYjRSKCdnTLImfsKnKWeoWOfw%3D%3D%7Ctkp%3ABk9SR8a6y8m3ZQ
[AR] Heat Wave Arena Full Complete AR 064-075/063 set sv9a Japanese Pokemon Card,$109.50,https://www.ebay.com/itm/396316376518?_skw=pokemon+cards&itmmeta=01JPY9JVMQ9EGWXEYVRTMW37JM&hash=item5c464bfdc6:g:Nq8AAeSwBXxn0yk-&itmprp=enc%3AAQAKAAAA0FkggFvd1GGDu0w3yXCmi1cg2R7UlQTgI8pwLJR%2F4MX3wmJqkLzzO9YS%2BFnQVx67ErTgG3%2BJ2wZZTGcBXryefdv3yAgoAj91RpN9aV6oU1SmkyAzMKKeK6eYwAmhIhSIbWSraa4td4CZfkMXKAWMjHMaX9nRDYHYER%2By6ruIOP%2Foyr0sZIMXrXlGECywtYb5iqF%2BYbfhOQ82eLtT672pHJlSQ3ccd8dtzOPjhDahoHYsWXTWeLvoPIdKAUaEHnjmD5GZHvxBrM7jLJortXN0V%2BA%3D%7Ctkp%3ABk9SR8a6y8m3ZQ
Pokemon TCG Online Code Cards - Random Assortment - Not Used,$0.69,https://www.ebay.com/itm/386867567656?_skw=pokemon+cards&itmmeta=01JPY9JVMQ70NXP70TZ7JF38GS&hash=item5a131a9c28:g:lDMAAOSw5CJl-EzY&itmprp=enc%3AAQAKAAAA8FkggFvd1GGDu0w3yXCmi1fwwtjV1YMUog9IN4eUq4xsg9iCFPyKbNjmmco9ZVwEXAtuq9s1R4MP%2Br9pcvRxy%2BnIG0MaJvlmY0byZADC4PMmfBVbl208vScOScqbdqX%2Bd0XQNhpMWsaDClbUzsEkD3TqreijGoIWtoJQbQtfQnDNN0lWMrVIwUjhgcuVo%2BQEOsQSZMi0p6UbyCCRZ5YXAHDyvCH5NgiomeVJcl%2B6nHASOhi%2FwjXkCm%2Fh4xblSC7jDI1%2FafBG0UEPyOXDSkASWcwrlaR5B5Y4ySsfdT3fe9yISFvETqERABGLKYAkugxvVA%3D%3D%7Ctkp%3ABk9SR8a6y8m3ZQ
Codes Booster Pokemon TCG Live Pack Instant delivery,$0.99 to $64.99,https://www.ebay.com/itm/386164309901?_skw=pokemon+cards&itmmeta=01JPY9JVMQ7PMJGA7H6NGTK1DR&hash=item59e92fbf8d:g:rLYAAOSwAfVlJOGA&itmprp=enc%3AAQAKAAAA8FkggFvd1GGDu0w3yXCmi1fZeJc%2Fm8kfUNO1tEugBQefodxrhVuR65HLizbx9Tza%2BRfIx2JE7vNPrLbDcWWZKS%2FvVLTOchxY4rrjhwAPSII0gHiwvRPIidHmxkyss2g6CSlMyqYvkckGCCzQ5DulP9xLjQNXldUJHTu1BtVyu%2B5zGQk9XNU7CNEaBh1186Iq6PQl529nQfk9GDdhah5ZNcgbtUb1Ob283Womx1hVXzGHT69DPAFnRXCwNeRUskwFfFHIY8TVi%2FzeC%2BcG1n5qvTxMuB0fCktiQXV%2BegfgkkM%2F9ZdHHJa7tG2Q%2BOhLs%2FkjlA%3D%3D%7Ctkp%3ABk9SR8a6y8m3ZQ
Pokemon TCG Indonesia Pikachu Batik set 4 pattern 101 154 155 190 SV-P Sealed,$24.00,https://www.ebay.com/itm/395733904541?_skw=pokemon+cards&itmmeta=01JPY9JVMQEN1RR6R4EQ3QSH91&hash=item5c23942c9d:g:2DsAAOSw1RNnCD~O&itmprp=enc%3AAQAKAAAA8FkggFvd1GGDu0w3yXCmi1eEjPhDfc55nagNWEYr7%2Fes3ChCIDdqUvqN4H5w5%2FVnmwknNlverhctSf%2FMTNb%2BHi%2Fw5nEo7DQufgB9kNgEhlDb2EljqHZN6iC1z4FE2a62tGMoAg7XAkUFRmVl5VAnWv0kqoZcIOPAd8oacddKtwfKjwQ0ntRVn0pgCsIJmkVuwIL6nJplw1JEgLdNQ5sHBSskZnWVJkH3TSB1pWaJxVaiOVfmo3i2xSNioaO7sS6SGlBNdSfiE%2BuTKaxCf7JMc8ANL3xFR9s0oViw5dIsq0lQknIhVc7UdNqqk2NRKtgE9Q%3D%3D%7Ctkp%3ABk9SR8a6y8m3ZQ
Pokemon TCG - Obsidian Flames: Choose Your Card! - All Holos/Reverse Holo Cards!,$0.99 to $52.99,https://www.ebay.com/itm/156351363276?_skw=pokemon+cards&epid=6062154120&itmmeta=01JPY9JVMQCFCPKRW2V97GWZJX&hash=item24674478cc:g:85MAAOSwBeRm8jtS&itmprp=enc%3AAQAKAAAA8FkggFvd1GGDu0w3yXCmi1dvZsTrYgf29aJg9cwr%2BD3YZ22k6hQ%2BN8Yomn67bxxLNXEvU3xp9y6eO4Kaof5IHGV8HZDqx1te%2FtKcE5VatfE3ENC99dpmrkTCOafMhx%2BDo5pknk2HIDnxMwRkTtiNKRXi7NzY%2BJdSV6pL0uuaOKsmbJ97%2Bg1wtSlof%2B1RqzY5FtSBPtnyV7sT14YNGuaUdkifS6VxvhBrPW6xt1%2B462RxmY1ozXeRbqFp8aGcG%2Bk7K%2BtANRTJj%2FOfhTo8oDLixE0cbd5dhmysjrVZ1Ohm%2BlOj9AnGvEpx0nik42AmjSvFZg%3D%3D%7Ctkp%3ABk9SR8a6y8m3ZQ
Slowpoke Slowbro Slowking Pokemon Card! Holo/Reverse Holo EX V Full Art Cards!,$0.99 to $129.99,https://www.ebay.com/itm/156797692263?_skw=pokemon+cards&epid=10062930386&itmmeta=01JPY9JVMQ97PF3GM4HRB7D35P&hash=item2481dee967:g:Ef4AAOSwBlBn2-HM&itmprp=enc%3AAQAKAAAA8FkggFvd1GGDu0w3yXCmi1cNNxWy30D25I9Y7J7gl3D3svZ%2FMYuDQ8DTJmp%2BZLFGE0nAvUX9rugF6hlyWG6%2BlznISDkrIj8bsiuxK4jo%2F5LFjPzQ8%2FfOBSfdWdiQ9fj6Y0EgTWdIDVKwK2aJdQpzDgFIbs4C7o%2FvKh3CUvjsIRzUWWKudMGVewfNVwOh1XJtz9ihkI%2Bqxhqe60J9pUSafCa4XjKyZ9y0%2Bb078NSYakTO2kn7DL7TXfrkn%2BRQgY964ZKJeTB1Eq306ehyHtoHnVKeUW2TZU82OX98OiS%2B6UCGlorwMXUWAqjiX4EmB3ZCIA%3D%3D%7Ctkp%3ABk9SR8a6y8m3ZQ
50x Pokemon Card Bundle TCG Rare Holo 100% Genuine PokÃ©mon Cards Collection,$6.14,https://www.ebay.com/itm/375318384810?_skw=pokemon+cards&itmmeta=01JPY9JVMQ8XCNQ6C2YEFE78GK&hash=item5762b810aa:g:vGkAAOSwdc9l-A0I&itmprp=enc%3AAQAKAAAA8FkggFvd1GGDu0w3yXCmi1eLCj7HVnR3lHIYVbEM8BJ7qUgfZvVkWJNByI8AwuzT7Xt%2BAzPYaO%2BLkUV989%2BEHGi%2Ff%2B5HGdBLoH%2Bm5JscsXBuEnXpUBtq%2FUdAq4roEOfXlp%2F5bg02I57UZ%2B8UltVX2VnM2ChsSJPiGb5iAfmBVYo1cfMzXHIzdKX0UBUEsI74gXx9vUnfzynHkqy0%2F82mgoJ86iUAVm%2Fk8f4hSu7JW5o8CJ4CrvY7N6B5aj%2BMX66GS%2FV4Ij36KWrAcfy5oItuPru5egMpeEQj%2F1kjskkKwBn5OhkCidGy6IrR%2B3qPLZ5oZw%3D%3D%7Ctkp%3ABFBMyLrLybdl
"PokÃ©mon Premium, Mystery Box! PSA CGC V, Gx, CHARIZARD Alt ART, Ex Slab",$21.99,https://www.ebay.com/itm/126857057315?_skw=pokemon+cards&itmmeta=01JPY9JVMQCF0BCVW0RSVWSQC7&hash=item1d89451423:g:A1EAAOSwkDtnck86&itmprp=enc%3AAQAKAAAA8FkggFvd1GGDu0w3yXCmi1ctRp6TfQmiELZeDLKVzyEyCu6ar3BxxXJSMC8B1jec4%2FkPHNTFXiX0WQntLPFf%2F%2Bw5YG2lk%2Bm0PpI%2FEqn2GuXhElbF08ysAU4n9dH0o5LKnJAMUW5UQgyYA1z%2BXZBg5X%2Fqq7KJKhAK3TTqtJtetdXy7jwB%2BqdAN5fr2L8O7THcYnGAelrxjf7%2BNxXFVXktKHBwWEpgOxqNkYs6EU9bFBevhE5KY%2FSbhrvTbg3vRQXONkkJ9fbDK%2BJJvS8l9uSxPevg7EImSxMPc%2FoIZHpAPMWDeU58LOemXfA92lHtvekYjA%3D%3D%7Ctkp%3ABFBMyLrLybdl
100x Pokemon Cards Bundle ! 10 Rare/holo/rev Holo + V or VMAX Min Guarantee âœ…âœ…,$11.63,https://www.ebay.com/itm/134307029043?_skw=pokemon+cards&itmmeta=01JPY9JVMQ9NX8PVHA6HY6CF1N&hash=item1f4552a033:g:UuIAAOSwj9hjU~Qo&itmprp=enc%3AAQAKAAAA8FkggFvd1GGDu0w3yXCmi1fy7XHb6HF3M50m8p4csaLkj331mmqWaRgMxKHQ%2F5jQn%2BKGFnmgD97yKNpoFjaNFq4MotkTW12QGY52pYnD1J8qRnSDMlnsi8TtAEmCa2MdYlHQyfJGrAQKVjDh9VQEaco8hvYkcvY1T2pzwZqRYl2bNhjxTjqJ7q4hZ9tObZLkVM3sI9QRZiTQiUGnyjvH%2FZpQmvhfLmMzH5LSTWZ58BhUTiN%2FZed%2BE%2B7jhNKusdhJI3EfvqHzFPvSF9NNAgWSBp%2FZyOwKVjZp%2FW2vStzmtu0ZH3m0YK2CpS1CEMn1HOW0YQ%3D%3D%7Ctkp%3ABFBMyLrLybdl
Pokemon Mystery Slab /graded Card PSA BGS AP GRADING,$18.17,https://www.ebay.com/itm/356441271040?_skw=pokemon+cards&itmmeta=01JPY9JVMQ1C8EJGRJNB639VRQ&hash=item52fd8e2b00:g:yC0AAOSwe5Znagc2&itmprp=enc%3AAQAKAAAA8FkggFvd1GGDu0w3yXCmi1cL8bK27jBekb3Z75%2BtHgep355SbcpePPNKEserHBvZl1f%2BVkQGpJd862YSdbv0y3FF9TuVYu9eLFhjrOc0P9Ai5IjtWdc70Eq3JZ4shjCmlsD2c5CcKkQ2zALzPU7NwKA8LgK1%2B14znKQK4k1AS%2ByQrDa0V%2FS%2BPEuW7IE1URkP0LWQ1wHQ6p%2F4cpiauAKJIDKVZ1vAXJe7oHWdlZkLkG78yPBlpZnasynm--KXPOAygxBXH33B5CckYwAXBosCH8XYX1ty8bQApPPpyH1IS6cXr503NHkmUkeo3UvuCwo%2Fqg%3D%3D%7Ctkp%3ABFBMyLrLybdl
Online Code Cards - 15x Random Pokemon TCG Online Code Card,$0.69,https://www.ebay.com/itm/146445880344?_skw=pokemon+cards&itmmeta=01JPY9JVMQRSV3QKAMS4FRYM2D&hash=item2218dacc18:g:PUMAAOSw-oFmz9s8&itmprp=enc%3AAQAKAAAA0FkggFvd1GGDu0w3yXCmi1c%2B2x8n1j%2FdQoBKBxXf78a2%2FJUawfvGOsw2Z3OccNpFAWVoyxZt%2FnY0lE7yaI%2FZfGywYorYbRI7POXpD7SjlPxxKr1dhwJIKY%2FKIDClAR2htqrpM6lr1m2gw4e4E9hkcF1HdjqugeEaZaAGLfrnGoqDfF1f5%2BKeKzApdc9OIWeZ%2FwXBTL60%2Fl1tvkpajJ6KEa6ntEu4uFjsHU5X%2BW7pMiAZqX5NacvsAVBay33BI17wwXhrkUIf%2BetTODd%2FFmc2JNQ%3D%7Ctkp%3ABk9SR8i6y8m3ZQ
Pokemon Card Japanese Raichu AR 074/071 SV2D Clay Burst Scarlet & Violet,$8.99,https://www.ebay.com/itm/166038073303?_skw=pokemon+cards&epid=28073653238&itmmeta=01JPY9JVMQ3W3JS4BJ9S65NDYK&hash=item26a8a3efd7:g:Zs4AAOSwIrhkPiRp&itmprp=enc%3AAQAKAAAA0FkggFvd1GGDu0w3yXCmi1dJm2DuRXiBMwxLob93lI8RaKkTqSyDPyNhh6vTGM7%2FgKiEe3zwhWG8Es2q68JwXCKxbTzxcD9FzlRd3ngdPtbYIHtR6j0pJywBss2YnqaVBi%2FSyHOA5R1UBKAqnBCKSgsS8K5KjpBNX1IstLH%2FoEjEZskiqmM%2BuujcETPEDllh42qsa0LB54eUF%2FaLONB33Nuq7cSjrX--fl%2F8ewUJxbbYp5qF0m9rGrU4Ib58Uua2tm6ibMskc%2FbVggtJeP%2B98%2B0%3D%7Ctkp%3ABk9SR8i6y8m3ZQ
Pokemon TCG Crown Zenith: Choose Your Card! All Cards Available NM,$1.29 to $49.99,https://www.ebay.com/itm/375543170535?_skw=pokemon+cards&epid=9058591028&itmmeta=01JPY9JVMQ6PQGRSVZQH7CMB00&hash=item57701e05e7:g:uWoAAOSwX~1m8kCi&itmprp=enc%3AAQAKAAAA8FkggFvd1GGDu0w3yXCmi1fywMiEDM3%2B4jeCjMEgHAYoPZLsRMxVFy63Cihm%2Bu6iWKk1NS1t0rzSPj5vVwn9%2FxGw1%2Fv4qOsYkQotxSJWyMCrm%2BWUydwQbGx5hV2%2F96TY07wjcBjZw%2Bq0e0QBGMWCPQHI2gMRIwrDxSM29IIxpGTzWRR%2BF8wxe4libG%2B%2FWSe8v3ucFdwMZg4cJm2R4wKORwI8UvCixrVnleN3drmJXS399pU%2FqRCEadMv5iQIPjv6NLfizkfCNf92%2Bw506jIkpjHOEc7rNvtxCZe4KEaALh3VgbwcyDcKOBGFc0K1TqzFMw%3D%3D%7Ctkp%3ABk9SR8i6y8m3ZQ
Fossil Set - 1st EDITION - Commons Uncommons - Pokemon Cards - Pick From List,$1.57 to $7.50,https://www.ebay.com/itm/284961718105?_skw=pokemon+cards&itmmeta=01JPY9JVMQTQS4Z4XS4NH6DFE3&hash=item42590abf59:g:b0UAAOSwMttjHC-U&itmprp=enc%3AAQAKAAAA0FkggFvd1GGDu0w3yXCmi1fwFoJpnDtg61%2Fh6wl7zZeY2Z%2BDoZNpk5mz4EjhfLnYOWKo3hAJN5sgsrdyJG5Fb8s9xKflq3hatqu4jvXhJthrxpX04hPaMWU4ge2EPTAxXh3kX4kjLqUzIart2Vu6gzN8Lt95RCQq6QxioPyTiPWleRQ337Uy7%2B%2FlzvYS4GjlQqzd4yT2sUfwRnPMh5xDjjRtevj1ZCYMJnHmuutRotrJu1qFzID55x%2F5n3WqOtpI4aW6hL%2Biz6TfUGZ3y8e7jC4%3D%7Ctkp%3ABk9SR8i6y8m3ZQ
Latios AR 070/064 SV7a Paradise Dragona / Pokemon Card Japanese Scarlet & Violet,$10.99,https://www.ebay.com/itm/167032570612?_skw=pokemon+cards&epid=3074362469&itmmeta=01JPY9JVMQ1DW2K19ET1ZPVE48&hash=item26e3eac2f4:g:SVoAAOSwYS1m46i-&itmprp=enc%3AAQAKAAAA8FkggFvd1GGDu0w3yXCmi1flBPEVQduKt9khVrM%2Bb0knO69VABYK%2FFLoJcpTe%2Fhk2TZacq8O5OPMTR6nkDu0%2FEYL7uRG7tZ0ueHQOqVFTIsVBbxOSgF4%2Fc9SAqYbeAXdHVD091j5nOAGE35ixYECqe1SsmFIm5FdHaNI7uIx9fXHydDgb9vm0BGGI0L%2Ff%2Bz7fVzyUsUB3xxyr%2BKMSjTjyAOi7SgdOXSTnuRgND95iF%2Bvhnd57mjkirL5Xs9pMLzbgwbBy6l2tXT4uUDPl%2F3H8dtXBHpxz5h0fSiS4hbi9mnuOJCRUhtVo5%2B9z2eDT2bNWg%3D%3D%7Ctkp%3ABk9SR8i6y8m3ZQ
Pikachu Raichu Pichu Pokemon Card! Holo/Reverse Holo Rare EX VMAX Full Art Cards,$0.99 to $239.99,https://www.ebay.com/itm/156747546217?_skw=pokemon+cards&epid=16056684806&itmmeta=01JPY9JVMQZQ3ZPYFG31CXDDX8&hash=item247ee1be69:g:8fMAAOSwqxpn2-c~&itmprp=enc%3AAQAKAAAA8FkggFvd1GGDu0w3yXCmi1cDqpBlEflfF7SGvDrANr3bbfHqbGrBMO1iB21rXI%2BCFPppS%2Fyhc3jkEd1WkgNYvAjvpx4HsQU5jJiNIxKBAkg2ZmBv8TRpt6uADtoE%2F6vTFKR5shuaufv7xLuF7EoGaSdzFOsY65lJaietxTDTc4g2Sxf%2FYxqEN0NOJWIUdnp%2F380ULljU6w%2BhIeTaXyDS5fditTq6bjWUGurD%2FEymYUYt1OqO5bxjSrBnF13E%2BxD5bbKKvm9iAyPlYrUuGJF7zN5Yjsgw%2Fy5on7sRJdeKBDNSRGPorXV5VO4J%2ByImB1NztA%3D%3D%7Ctkp%3ABk9SR8i6y8m3ZQ
Leafeon ex SAR sv8a Pokemon Card Terastal Festival ex 200/187 JP,$55.01,https://www.ebay.com/itm/356350826875?_skw=pokemon+cards&epid=13074356373&itmmeta=01JPY9JVMQXM1V5JW08SAGXC4J&hash=item52f82a197b:g:OGYAAOSwn3RnVtpn&itmprp=enc%3AAQAKAAAA8FkggFvd1GGDu0w3yXCmi1dPI4kykZMJOppqkKOw4BiGoImeoZZtXIZ%2Bxoj4GxVSJqZ6SWiahyr2d3TXNVspxWHgwudBEd6Yw76ZeQlFHQgMIkRF005H27yNX%2BYcNvs4EhTx3zkITyRl5gxirWwkLQVd4VmZ0gWpSTQuaOQV0W4GZ1nGTXMBOYKfP8QQ%2F4VUIm8LkczV43cMNVQPiQiC4eGFK7T82w%2B71tz9HzHwKotbQUQKLyWVqLPgMO13vNwrPVBdxVHUWg3g4iailc%2FbRUqbWFCjosDeL5U7f82iG9IGurED%2Ft8O2fU3SZS%2FXivbsw%3D%3D%7Ctkp%3ABFBMyLrLybdl
100x Pokemon Cards Bundle - Ultra Rare EX/GX/V Included + Holos Shinys,$12.91,https://www.ebay.com/itm/315323705147?_skw=pokemon+cards&itmmeta=01JPY9JVMQF2W00GSS7NM9MZKM&hash=item496ac1e73b:g:N5kAAOSwhXlmK6re&itmprp=enc%3AAQAKAAAA8FkggFvd1GGDu0w3yXCmi1fv0ZJSzFR6cOfFY2MkLFAbcBvsk%2BbCMNMngz0yOpJNXln1CHHU8fU5FhmTGwYau3v9sfGfS2F9hxVRibHYDMK6RdDvoAIu%2BP8HJvPQyuNPMuSpkLS1r4FmLmOIqd%2FX4s1HXQUbkdzbl%2Bb7Aeen1k1NWT824%2F1LKrivLNCKvsAIeQ4AkmzSGO7d3ra2cimXcTvzt1Yq7WaVrgyASP3w5XvS3Sw%2BPFgG5onJmPL7pMK9eKfjZi%2BakGsrqYO3tDPybruZdIyXgEYdOegB8ECqJkiasI40ytR3qSpTVgUp1MpZ1g%3D%3D%7Ctkp%3ABFBMyLrLybdl
Pokemon Surging Sparks: Choose Your Card! Holos/EX/Full Arts! NM,$1.29 to $59.99,https://www.ebay.com/itm/156641391983?_skw=pokemon+cards&epid=18072471940&itmmeta=01JPY9JVMQW9DDCG3CYC4VD171&hash=item24788df56f:g:QMYAAOSwrlBnikcA&itmprp=enc%3AAQAKAAAA0FkggFvd1GGDu0w3yXCmi1cGCFiJK7Pnmjv5SuBfwPjMcbLfFgzkgqTwm%2BQUl9RwrJ2V0rt%2B4YGJMA%2BJ%2BooRr0uT%2BNUA5d9OjI%2BglwknhTN%2FhukNePd0Bojx%2Fv44kO4RKRRAUFGTjWVtcYFHXI4uXkErreSv38MxeuWN%2FxXAh8qiGImr7Gve0GovwybMOMDjEcI2QeOvJBGz3d5U0e2ulQ1DU%2BqqDTej8fAdztYmQxUCp6ZLkMTSGKc2KYfZJOqG1u8MgizRl3oAMghPDiWIqfs%3D%7Ctkp%3ABk9SR8i6y8m3ZQ
sv9 AR Battle Partners Japanese Full Art Rares Japanese Pokemon Cards Singles,$5.15 to $25.83,https://www.ebay.com/itm/235927323094?_skw=pokemon+cards&itmmeta=01JPY9JVMQA9RYD3DPDJ1H2T7N&hash=item36ee5d41d6:g:jfEAAOSwHQBnkrf1&itmprp=enc%3AAQAKAAAA0FkggFvd1GGDu0w3yXCmi1dLEACuUy68ldPGFwKl1pHxci%2Bnv5jJWdBMVySnDOMPLqDYWzXvniz7O79ZnHEnDTsneIiNsDBCcFue%2FixUjoLFMiiG5IDCJt5OLFMRue%2BxXij1pRRjZHLgECXcZn8jaonbvlE75J85H6CntzS3o7tWWvFmTdR9P96G%2FWsXcEhxs1RQfdNrvoJR5RskR2bPyvQx8WveuCnjMqo2RbO9cIMuHnkScGHOi4JiELgUjvLkJkq1HDu0Qknjh88E7Zt9G9A%3D%7Ctkp%3ABk9SR8i6y8m3ZQ
Online Code Cards - 4x Random Pokemon TCG Live Online Code Cards (AMAZING DEAL),$0.69,https://www.ebay.com/itm/187036806715?_skw=pokemon+cards&itmmeta=01JPY9JVMQA8TWFTZQ7BHP9P2K&hash=item2b8c432e3b:g:6vQAAOSwNQVn0QGp&itmprp=enc%3AAQAKAAAA8FkggFvd1GGDu0w3yXCmi1cQG4Y9eCv0Nzn2uN3%2FcgJuwhUWVx%2BKvD3%2BSvlnO81dWk7sDjZOR%2F%2BjGncmFXiSlFJsQzfPgE0pmfjO0vtum7P%2BdsenwZITf15UbnOOXbLT6lCXujvx%2BfYvgDKVkAgGXJnbIvNBIrwcNdkdxzdominc9wioR%2FJOMvgjmEbsqqrDvdegmTS6yLpWyUu%2BeuRzrxR6Tyfc%2FfX0Pni9CIgNt2cUjFMPFq5B4cbEOTpkKLOE03o3ZkvWu0nir3PGd256DjEY4H72%2BnLBjWJwbZ%2B69bvteRuT4RcHoIqtR4gNu%2BUe%2Fw%3D%3D%7Ctkp%3ABk9SR8i6y8m3ZQ
Pokemon TCG Prismatic Evolutions Single Cards 1-131 YOU CHOOSE!! Ready to Ship,$0.99 to $14.99,https://www.ebay.com/itm/335776337446?_skw=pokemon+cards&itmmeta=01JPY9JVMQMHMGT9EQ582WXJ79&hash=item4e2dd44e26:g:-FsAAOSwsEZnqD9Q&itmprp=enc%3AAQAKAAAA0FkggFvd1GGDu0w3yXCmi1fLfXWrWoKDKl0A%2FYu%2BfnbdIJlcn6LLise6140D6TJlo%2BBndLexDCoEZP7Y0HQ%2BlEkJ%2BTOcTl6pZj%2FeGRHvMMgsruoru3dHR%2Bq4MnyclBjwna1h5PLlhGhX77svlZHlk3b1r1kULUt5fsZz%2FrLTRegEn6j%2Bam0SkzB7pT5e%2Fd3ffoJ71%2FJAgTvhOFA7dBXoVxszdGY287mkBKc4laq9ZpprC1hPTZlxuZ4f0R8eA%2FdftJjK42Udxu1YR78NutUzzz0%3D%7Ctkp%3ABk9SR8i6y8m3ZQ
Minior AR 070/062 SV3a Raging Surf / Pokemon Card Japanese Scarlet & Violet,$4.99,https://www.ebay.com/itm/166352053218?_skw=pokemon+cards&epid=21073651509&itmmeta=01JPY9JVMQ75HCADW6VC3DXVXC&hash=item26bb5ae3e2:g:UegAAOSwHFllDMcc&itmprp=enc%3AAQAKAAAA0FkggFvd1GGDu0w3yXCmi1dV7UpyOvpEjOUizw3L0nPMl4o97cAnyzGuBr6Jd0eoIehb3xUOcezrfGQgYmQox3cyMr0Xw2T9RGeDDFIJZnxgNk%2FY4DrUvNcwqnRsjbOgH4%2FMoKjAI%2F5KMdHXXcHcWPhNBpMQldfGG36vXS83A9%2BsYXQycucXi7J9%2BAF2knJ7VOvxY3sdM4UpHWd4TX%2B%2FBDDnHtqjpDn561OxOylC79X048kzfCwmcjgJqiiFWXIU00RXXwULj1eKQVItPtSrPQY%3D%7Ctkp%3ABk9SR8i6y8m3ZQ
Steelix AR 074/066 SV4M Future Flash / Pokemon Card Japanese Scarlet & Violet,$6.99,https://www.ebay.com/itm/166401137171?_skw=pokemon+cards&epid=13074356426&itmmeta=01JPY9JVMQT37MRZD6FXC10K40&hash=item26be47da13:g:9LIAAOSwWyNlOvFJ&itmprp=enc%3AAQAKAAAA0FkggFvd1GGDu0w3yXCmi1dkGW1laKOFTOEVtR3WipS9PlDJfjxuTLgRysnjd%2BvsHQD3LQWmWLhS2y5TAD6EnhwZe2SMfN9YRmLtCrAio%2BP689VgzvK3oSgDPUI1MtDijOrZdSM1r3yGZr2b40RZXDEfyMc4ntlvqlXIkPWqZFpBptNeoUgmz6iHDq8oLWRvGJKGr0KJF0wg5Zt1b8L%2Fu1Ks7JPynC7%2BtzXJQzmVj%2BGRCmFSC9pjq03ESK%2FF3KtrSVp11J7XtDlQGm%2BDMgUGUqo%3D%7Ctkp%3ABk9SR8i6y8m3ZQ
Milcery AR 110/102 SV7 Stellar Miracle / Pokemon Card Japanese Scarlet & Violet,$4.99,https://www.ebay.com/itm/166896712014?_skw=pokemon+cards&epid=17074363137&itmmeta=01JPY9JVMRRNSTYGXMHK38FNTK&hash=item26dbd1b94e:g:6SIAAOSwCRlmmZxP&itmprp=enc%3AAQAKAAAA8FkggFvd1GGDu0w3yXCmi1e8MOzTmF1Bx17dk6PU4hXpQu1X7rXPjimo6XAIYCc3p%2FduYEgkEtezjtPeQU1d83pBIadwDFc%2Fc3ANbDlfv7yvqHPd789xNDiEpKG6TFvDoND6p3OCBgTQtDETyNv6G6F2jIcL4rDsSVEgm31EodCdQ9HHwBpNIrVQsysoNnOV%2FOjE3R%2FrRlc%2BnX569pZAYx2lF3N%2FPNdXDEQt71%2BMdFZxKGmsyvVJPv8084p4uF2SQ%2B%2FrQNrx2hZHGl7dbHGdDakN6EgTnTch9ztMEQHt%2FOlNIJDW9i6Tted%2FGVH9nNh9KA%3D%3D%7Ctkp%3ABk9SR8i6y8m3ZQ
Ns Reshiram â€“ 109/100 â€“ AR - PokÃ©mon Battle Partners SV9 Japanese,$12.50,https://www.ebay.com/itm/226658833271?_skw=pokemon+cards&itmmeta=01JPY9JVMR3ZH536QP38K9X32G&hash=item34c5eb5377:g:XrAAAeSwWqBn3h9G&itmprp=enc%3AAQAKAAAA8FkggFvd1GGDu0w3yXCmi1dVbgn%2BGpAPsPrB4tLw71bh0W1el037%2BEn08%2BBxC4qSNTaoENjAqV8TX9moWOFFxs2kzoRtPw1jT9dIDv%2B4yD23P4rW4%2FI8kvAyEBCM0zB0vc0t9M%2B7qi3%2FD%2F0g6eD8TZVPy8DpjwTG3LbGn%2BPxt%2F1ARZcd4V1MwZeYShMGFLYTYjWjcEoaH9KI%2FDuWhjFqII1p4F9STfS0hAk9aMfNLfMywuVhE%2BQ7b4VrEb1Kk3lkNHSfFZn2Jf9PZZlAO7sywUr%2BL003cGgd3LHWNJhsNEAiPVf56FlGB1qzf04GAD4EYQ%3D%3D%7Ctkp%3ABk9SR8i6y8m3ZQ
1000 Pokemon Cards Bundle - Joblot of Bulk Including Holos & Rares,$49.08,https://www.ebay.com/itm/316110621676?_skw=pokemon+cards&itmmeta=01JPY9JVMRXRJV8MC1SKNTQG1E&hash=item4999a94bec:g:oaMAAOSw6Shne6Pg&itmprp=enc%3AAQAKAAAA0FkggFvd1GGDu0w3yXCmi1d4yBrvZ%2BJi2jsIoIoKj%2B3NVyfIIRlA6SDp7QaAKCNG5lGv6dxv0OJN%2Bx1zw8Yhw5cdogFXbOsr2SANyDqK7ZDWG7e%2FoV4bonsToYUS5zgOK1QmBUndA2ZGhcfHK11HIkRViXM7KohC9%2FrhPVFWF3HHsEoDOQ5rxuIU5QvXEd%2F7a9XMxS0mCBpWn2jD%2B2CyPICe78zIcK2xquQpFAZpn%2F5Y80%2BoD7CNeRFT30hmVO9NWDyaU4%2FTQcjj541mE%2F90spg%3D%7Ctkp%3ABk9SR8i6y8m3ZQ
Gym Challenge Set Pokemon Cards - Commons Uncommons - Pick From List,$0.78 to $5.02,https://www.ebay.com/itm/284375421357?_skw=pokemon+cards&itmmeta=01JPY9JVMRHK3QPQBB3Z10ERH8&hash=item42361891ad:g:H88AAOSwVVhl2ddy&itmprp=enc%3AAQAKAAAA0FkggFvd1GGDu0w3yXCmi1dlxNojyzLEO7usbJ6aCCQgvwTI3%2FzP37NMy59BFxPJhOhOkG8ahFn%2FgI3Fh4%2FGgxlQB3jMoYiiYAMrdGgjRBb75q3LvT%2FsMsPe7noSnSItmvVOAbODRlXg5br0LYIyIFG2utodSBhN3WA0ZTtLDdAepUrbAJV5gcpyN0RBEMG2KJOANdQgx%2Fn%2FeCrRr0xOy37nCSI8HDu7L%2F7RLD64SpKbYcXm5GrycnkYe0SUUE4sGxN1sAFoW09Rxre--%2FtJJyA%3D%7Ctkp%3ABk9SR8i6y8m3ZQ
Pokemon TCG Cards McDonalds 25th Anniversary 2021 - Holo & Non Holo List,$0.63 to $3.11,https://www.ebay.com/itm/284446974450?_skw=pokemon+cards&itmmeta=01JPY9JVMRBD4XPTXXEFET9MP2&hash=item423a5c61f2:g:UbIAAOSwZX9ha295&itmprp=enc%3AAQAKAAAA8FkggFvd1GGDu0w3yXCmi1fkYAVIQd63DwZjRQHx4zDbJboN4DZetpR0KwEThB2Z%2B7S%2BM3DZjMdJfgw9SYxSEKpt6JehfcFtq6c3yqgtp7vgSTyguzGA2yk1oWtW3FLPrqNYpMXNUFDXSmMQ%2BjUw%2FOhiYQvkfy5n4vFlynrJyau9kOS820EroAm4AQxZQiEh7iRzqnG%2FdcL5dBaS99xCj52fA7EKxFiFcWl%2BjXsaS0RiUDtMXWq5Gu920r4Gq9%2BmhpFV01t%2FQ5uaPEbNH3ZaiON6LvhF4oFIGI%2BW8LbQsl2%2B%2F%2Bic1Z%2BUAiANZQKlgErBNQ%3D%3D%7Ctkp%3ABk9SR8q6y8m3ZQ
Pokemon TCG SV03 Obsidian Flames | Choose Your Card | Holo/Reverse Holo,$0.99 to $11.99,https://www.ebay.com/itm/156728193738?_skw=pokemon+cards&epid=21062146426&itmmeta=01JPY9JVMRFB7KN2CXZCCHSGFC&hash=item247dba72ca:g:nfoAAOSwit1mtYM0&itmprp=enc%3AAQAKAAAA8FkggFvd1GGDu0w3yXCmi1fks5hCE2mdEXZiPG0%2FOktH5ZMbj0RSwiuJ0cI1LVFD1aHQftCSVlRM%2FWtXKxoYg0LWcXxnV2Td42qa7NIQuNp%2FuM4I6N4LGKIltxgqtjRknowqMCj2yUoFs8Y%2BVKSn2BB7s7vcSbqsOajpv2u10xY9G9NL2EAWaSfjRdL1xSzKZu9C8BeS008JMOe4vxMlyqfAqrklM%2FwQf9JjIKmv6IIJVQZUOmZ6WiPMAwPnyW2iYXgimJIAkVc2CCrX5eYoI8zDsmh8XDb5%2Bpl%2BKG3lOZgmCVQbfBH1BWg1mwwNb7k4NQ%3D%3D%7Ctkp%3ABk9SR8q6y8m3ZQ
[AR] Battle Partners Full Complete AR 101-112/100 set sv9 Japanese Pokemon Card,$62.50,https://www.ebay.com/itm/396142417001?_skw=pokemon+cards&itmmeta=01JPY9JVMRPGSA03F2TDP5SAC0&hash=item5c3bed9469:g:qfgAAOSwi8tnkO00&itmprp=enc%3AAQAKAAAA0FkggFvd1GGDu0w3yXCmi1fnHo8Dh%2FQKlsEjNPdXAjrdMqJXbmt7Gsn7hCVgyblk7jr61pu1I31a1vU--s5mNhQ--QbLfuL9oZsYW5g9tVSpisouKu4rgWvOZG2Mb6C2UUD7bwg4kb%2FgnvI3xEOSAe4zOC0McFyIdKG6Hl1had%2FdlOLNPZh7QGD2SeBdtiCfCSMIy9dvgFGQ7M5WQJlAgeXvOK%2F7%2BHDwc%2FkMOhkyhIj%2FHxA6T%2FV79bAxhfMjToNeM3%2FKFS5cYRt6RlZsVp93C0o%3D%7Ctkp%3ABk9SR8q6y8m3ZQ
Pokemon TCG SWSH Lost Origin | Choose Your Card | Reverse Holo/Holo/Ultra Rare,$1.29 to $34.99,https://www.ebay.com/itm/156583235938?_skw=pokemon+cards&epid=17056691270&itmmeta=01JPY9JVMRTBKQC3PSKDV5G2QB&hash=item2475169162:g:O4gAAOSwOeRnTDZ-&itmprp=enc%3AAQAKAAAA8FkggFvd1GGDu0w3yXCmi1e0Kgb0qr%2BP0l1RastNVVhL2a2CR7cZ68TKjwHvMpgsw%2FNbLowcHXwU24Mf7NdI1e4fgua4V1FKCbQPBtw2sdtLDVeEkkY2SZEVfE5qXTS6VMCBGq%2BZanzj3fMOUFl4CceNJrjqXQBinM6ee3ExB3%2F3RMbXWvX2Vpd65emwWwqJFTVNIw%2B2y3B8aMCiQ4LApCGEgB6Yzeufxw%2FlDsOBcAEgW4zLiEP27eYlL%2ByNSbbj8zFf5ZVzf3Ea2b57WEkIW3x4kk9dd%2F%2BR1PA%2BbgpwJ%2FH0HpVaXYP6nK00iC3JPnXWbQ%3D%3D%7Ctkp%3ABk9SR8q6y8m3ZQ
Pokemon Scarlet & Violet 151: Choose Your Card! Holo/Reverse Holo NM,$1.29 to $449.99,https://www.ebay.com/itm/156241664107?_skw=pokemon+cards&epid=13062916137&itmmeta=01JPY9JVMRK5PT263PJQ658SSE&hash=item2460ba986b:g:BhQAAOSwxRhm8jqc&itmprp=enc%3AAQAKAAAA0FkggFvd1GGDu0w3yXCmi1d4PvWGW6WlOwXWH%2F6n6mkSpYOKI4VnRgTuLrBfUhzKBCJy6Dk4qhNwHuvtiFdjTzb3YgSmHrVGlyDEtzXSHF9je9HcXaaF2wmmNOAEVkqD6SAW3zUhHeN4Q%2Ft2WVKNyjkVHlWSht1jmDKA6gCOmFMOFoM2IlaBWVkWAd8vVZrWmqshRxa3C7CuVZupNqtmAZJGVFB9t5d8W6zXNzYbrDK4xL7HvQIdrkOGIHImxNZH2292wmpvugzCvuVfsXrd278%3D%7Ctkp%3ABk9SR8q6y8m3ZQ
Pikachu Fans Pokemon Card Collection Set of 9 Pikachu English Cards NM V Holo,$7.99,https://www.ebay.com/itm/395374763390?_skw=pokemon+cards&itmmeta=01JPY9JVMRVCNSXQK5NQTB7K6Y&hash=item5c0e2c1d7e:g:G4UAAOSwz25n2ib9&itmprp=enc%3AAQAKAAAA0FkggFvd1GGDu0w3yXCmi1fbJ1N78kffO55wUc494TpOMbnLjsZO2us%2FaO2cq9Q6zy1Nk9ukiVT8cUfR5xvfmbhAbaJXkFe7QbofrUImjFQ%2FKFpyZ19liUTgcP1KZ%2FeYPX2e9oNSWtS0P8syP4IGXaCus0pvzfwQ49%2BU6KXDeJhv6vnS%2BYdXSIXQlqCXZWOfiUdLMWMm9Le2nsP0OgHZLII0Ko7PRtQ8xrG4UotP3A%2BWahzouwnjKpvkGbg1VMfBxX9Iz6ebasPdRYTM8e8BMHE%3D%7Ctkp%3ABk9SR8q6y8m3ZQ
Pokemon Crown Zenith - Choose Your Card! Reverse Holo/Holos Ultra Rare GG,$1.49 to $139.99,https://www.ebay.com/itm/156746268986?_skw=pokemon+cards&epid=11058582700&itmmeta=01JPY9JVMRDHBDMFTMY3CY6RM7&hash=item247ece413a:g:IMoAAOSwPmNnwns2&itmprp=enc%3AAQAKAAAA0FkggFvd1GGDu0w3yXCmi1dK4ISdey%2BC4xoRgeMzkDcIL6bzD%2F5dXN6YywrVIWct8%2FKzLmRIVta6E7neoVoF7qZ5QmRYHMIeJYrZOHNr0F1D9BdBny4K3u%2BLlt%2Fu1TWptJ%2FDc%2BWUmP9mM9FxJ0Pp%2BhmjucpziIjMXuC33Fm1TXj1MM4Fo39pig3k8yKd7WSOIw8w3QcUx1JxFENNs2%2BJc8OHVPVDvmyUWwVQ7lKBU7hzYvouwto%2BYhpLHybcKn8Aq33ryeJ5SqRqfoaneaXHQaQ%3D%7Ctkp%3ABk9SR8q6y8m3ZQ
Pokemon TCG - Stellar Crown: Choose Your Card - All Reverse Holos/ex/Ace Spec,$1.49 to $109.99,https://www.ebay.com/itm/156482511744?_skw=pokemon+cards&epid=20071601613&itmmeta=01JPY9JVMR6TF898GDZRR828VK&hash=item246f15a380:g:lgkAAOSweblnIDVi&itmprp=enc%3AAQAKAAAA8FkggFvd1GGDu0w3yXCmi1f6cYi5EupiY7dCyoPJ5MIGU4sy%2FCroDBHaGwKAf%2FY2PvUBxyQqlcopKKVzWYe%2BO8X2S4dOt3u%2BTwhYrKAM7nP34PX%2BS0pCyO%2FG3yneRZIEDE%2Bi%2F9xUJfX6sfx1%2FM%2FnB5OpUfHesRS3q%2F0nzxqi%2FO4uSdEv1h%2FWML%2BRim32%2FlPafdzC7PwsYBTAU4n5%2BMQImbj7PTMQspEIcNhdURZCk6BVc2p1IqtCKkXTiDM9sHPQEOSqasSes3gZM4Ycneg8Wi9AAzw9sd0uJtiuhIW8ciV4Ux%2F5PiC8fTSMfdMXia62Ag%3D%3D%7Ctkp%3ABk9SR8q6y8m3ZQ
Pokemon Card Espeon ex SAR 212/187 sv8a Terastal Festival ex JP,$63.98,https://www.ebay.com/itm/356350885152?_skw=pokemon+cards&epid=13073637543&itmmeta=01JPY9JVMRQQ7YNRA0MXJ5B72E&hash=item52f82afd20:g:NxIAAOSw-nNnVtUX&itmprp=enc%3AAQAKAAAA8FkggFvd1GGDu0w3yXCmi1c%2BYWB28lDk5id1w6j2SMu0--J%2FlwQ1fHdu8Y4MS76ODX8NNT%2F%2B1OrOEH1u0RakraVtESAYIi8EJHDrM8Jy%2FNPBeaQOmCQDdTs1aNo2DCGBH%2BRZJXIje2RadofPnnrDAZP185x8Lbdpuk1H5bmODbsrA0mRgJ5CnUvLAB4p44hvACfY%2Binr8grtltm2cgJrNDe8YMqElLyTHvMsMJ7JEA0aFOSvxx9CJ6aGbqpswFIeGOZNhFmpzDBE%2B26Sonq3OMrZWrmf21OKI%2Fs%2Bij%2FoBCh8gkEp2zV3q%2F5fmzfjUQ0HrQ%3D%3D%7Ctkp%3ABFBMyrrLybdl
Pokemon Card Glaceon ex SAR 206/187 sv8a Terastal Festival JP,$52.18,https://www.ebay.com/itm/356350868146?_skw=pokemon+cards&epid=20074361557&itmmeta=01JPY9JVMRB02JASKXQ2ZHX9JY&hash=item52f82abab2:g:z7cAAOSwlQ9nVtgL&itmprp=enc%3AAQAKAAAA8FkggFvd1GGDu0w3yXCmi1fgMalgq4FfD%2BQuBgMcgapi7oIBRnC%2B17eSS%2BcQ5pPNGjmYi%2BvsuaiGYS8I17LYOWQt%2B7sBnf8sKe15tq2LfEzvMUbkg5prMXVihz3ncPBZsN%2F%2BLxxfU%2FnR7MKjA4fOz8lyfMcK%2Bv0NTyxOojz3Oh0RsuSVfK65rHCNV4o5Bn3HLDbkXsp4lH%2FghbdY30eoG1Ou4GN9zusX%2FvciVIep0K%2BpkjNy%2FjZAXQzlgrCzDtQDQeb0sHC8u05PnSZVYF3vGmbPL8J8QyfXf%2F3%2BcftPFTPVMi%2BlAlVVxV%2F8jvfn0aBHLg%3D%3D%7Ctkp%3ABFBMyrrLybdl
